{"stats":{"minecraft:picked_up":{"minecraft:dirt":4,"minecraft:birch_log":1},"minecraft:killed_by":{"minecraft:zombie":1},"minecraft:used":{"minecraft:birch_log":1,"minecraft:dirt":4},"minecraft:mined":{"minecraft:birch_log":1,"minecraft:grass":1,"minecraft:grass_block":2,"minecraft:dirt":2},"minecraft:custom":{"minecraft:jump":125,"minecraft:time_since_rest":475,"minecraft:leave_game":1,"minecraft:deaths":1,"minecraft:sprint_one_cm":12253,"minecraft:play_time":11717,"minecraft:damage_taken":225,"minecraft:time_since_death":0,"minecraft:walk_one_cm":3492,"minecraft:total_world_time":11717,"minecraft:fall_one_cm":2248,"minecraft:fly_one_cm":18949}},"DataVersion":3465}