{"stats":{"minecraft:custom":{"minecraft:time_since_rest":53588,"minecraft:damage_absorbed":480,"minecraft:sprint_one_cm":83697,"minecraft:walk_one_cm":99769,"minecraft:damage_taken":2612,"minecraft:mob_kills":82,"minecraft:damage_dealt":12146,"minecraft:swim_one_cm":3066,"minecraft:fly_one_cm":292048,"minecraft:crouch_one_cm":370,"minecraft:play_time":63083,"minecraft:deaths":1,"minecraft:sneak_time":672,"minecraft:walk_under_water_one_cm":4353,"minecraft:jump":797,"minecraft:leave_game":5,"minecraft:time_since_death":53555,"minecraft:walk_on_water_one_cm":1624,"minecraft:total_world_time":63083,"minecraft:damage_resisted":487,"minecraft:fall_one_cm":39731,"minecraft:horse_one_cm":196619},"minecraft:killed":{"minecraft:sheep":10,"minecraft:skeleton":32,"minecraft:zombie":30,"minecraft:pig":2,"minecraft:cow":1},"minecraft:picked_up":{"minecraft:birch_log":30,"minecraft:stick":10,"minecraft:leather":1,"minecraft:porkchop":4,"minecraft:oak_log":108,"minecraft:arrow":20,"minecraft:bone":15,"minecraft:rotten_flesh":21,"minecraft:bow":3,"minecraft:beef":2,"minecraft:gray_wool":1,"minecraft:oak_sapling":11,"minecraft:black_wool":1,"minecraft:mutton":18,"minecraft:birch_sapling":6,"minecraft:white_wool":8},"minecraft:mined":{"minecraft:tall_grass":1},"minecraft:used":{"minecraft:netherite_sword":89,"minecraft:flint_and_steel":2,"minecraft:netherite_axe":21,"minecraft:zombie_spawn_egg":32,"minecraft:white_wool":39,"minecraft:mutton":8,"minecraft:skeleton_spawn_egg":63,"minecraft:oak_slab":1,"minecraft:enchanted_golden_apple":125}},"DataVersion":3465}