{"stats":{"minecraft:custom":{"minecraft:time_since_rest":15740,"minecraft:crouch_one_cm":149,"minecraft:deaths":1,"minecraft:play_time":25235,"minecraft:sprint_one_cm":34605,"minecraft:walk_one_cm":31125,"minecraft:damage_taken":680,"minecraft:sneak_time":402,"minecraft:walk_under_water_one_cm":3075,"minecraft:mob_kills":8,"minecraft:jump":91,"minecraft:damage_dealt":4751,"minecraft:leave_game":3,"minecraft:walk_on_water_one_cm":1001,"minecraft:time_since_death":15707,"minecraft:total_world_time":25235,"minecraft:swim_one_cm":1991,"minecraft:fall_one_cm":8234,"minecraft:fly_one_cm":163896,"minecraft:horse_one_cm":3933},"minecraft:picked_up":{"minecraft:stick":3,"minecraft:leather":1,"minecraft:beef":2,"minecraft:black_wool":1,"minecraft:birch_sapling":6,"minecraft:mutton":12,"minecraft:white_wool":6},"minecraft:killed":{"minecraft:sheep":7,"minecraft:cow":1},"minecraft:used":{"minecraft:netherite_sword":37}},"DataVersion":3465}